交互检查规则,,,,,,,,,,,,,,,,,,
导出规则,,,,,,,,,,,,,,,,,,
分类,基础信息,,,,,,,,,,,,,,,,,
表头,编号,是否是最后一主线任务,引导ID,背景ID,背景音ID,男前置任务编号,男后续任务编号,男任务名称,男任务描述,男任务ID,男NPC对话组ID,女前置任务编号,女后续任务编号,女任务名称,女任务描述,女任务ID,女NPC对话组ID,
关键字标识,Y,,,,,,,,,,,,,,,,,
唯一标识,Y,,,,,,,,,Y,,,,,,Y,,
非空标识,Y,,,,,,,,,,,,,,,,,
检查规则,,,,,,,,,,,,,,,,,,
变量名称,id,end,guideId,bjId,bjVoiceid,mPrevid,mNextid,mName,mDescribe,mMissionid,mTalkid,fPrevid,fNextid,fName,fDescribe,fMissionid,fTalkid,
变量类型,I,B,I,I,I,I,I,S,S,I,E,I,I,S,S,I,E,
变量空间,cs,cs,cs,cs,cs,cs,cs,cs,cs,cs,cs,cs,cs,cs,cs,cs,cs,
,,,,,,,,,,,,,,,,,,
BEGIN,主线任务表,zhuxianrenwu_data,,,,,,,,,,,,,,,,
采花,10000,,700,,,0,10001,采花,传太后娘娘懿旨，凡新选入宫的秀女即日起需在宫中同御膳房嬷嬷一同前去采集玫瑰花，为后宫娘娘酿制灵犀露。【请小主前去采摘玫瑰】,40000,,0,10001,采花,传太后娘娘懿旨，凡新选入宫的秀女即日起需在宫中同御膳房嬷嬷一同前去采集玫瑰花，为后宫娘娘酿制灵犀露。【请小主前去采摘玫瑰】,40000,,
种花,10001,,701,,,10000,10002,种花,近日小主们采摘玫瑰花频繁，导致玫瑰花数量不足，小主需尝试种植玫瑰花，以便日后采摘。【请小主前去种植玫瑰花】,40001,,10000,10002,种花,近日小主们采摘玫瑰花频繁，导致玫瑰花数量不足，小主需尝试种植玫瑰花，以便日后采摘。【请小主前去种植玫瑰花】,40001,,
建尚衣局,10002,,702,,,10001,10003,建尚衣局,老奴还请各位小主留心，不日皇上便会亲临储秀宫，秀女们可前去尚衣局选挑新衣前去面圣。【请小主前去建造尚衣局】,40002,,10001,10003,建尚衣局,老奴还请各位小主留心，不日皇上便会亲临储秀宫，秀女们可前去尚衣局选挑新衣前去面圣。【请小主前去建造尚衣局】,40002,,
换装,10003,,703,,,10002,10004,换装,【小主向公公打赏一枚玉镯，公公喜上眉梢】由于小主赏赐了奴才，奴才便要告知小主一个秘密，娴妃娘娘告知老奴，皇上最喜小主们穿绿色，娴妃娘娘也给小主准备好了，小主可要记住了。【穿戴翠色菖蒲纹杭绸直裰】,40004,,10002,10004,换装,【小主向公公打赏一枚玉镯，公公喜上眉梢】由于小主赏赐了奴才，奴才便要告知小主一个秘密，娴妃娘娘告知老奴，皇上最喜小主们穿绿色，娴妃娘娘也给小主准备好了，小主可要记住了。【穿戴珍珠璎珞轻罗百合裙】,40003,,
建太和殿,10004,,704,,,10003,10005,建太和殿,皇上有旨，命储秀宫所有秀女梳洗后前去太和殿面圣。【请小主建造太和殿】,40005,,10003,10005,建太和殿,皇上有旨，命储秀宫所有秀女梳洗后前去太和殿面圣。【请小主建造太和殿】,40005,,
面圣,10005,,705,,,10004,10006,面圣,那就请小主跟随老奴前去太和殿面圣吧。【请小主点击太和殿之后点击面圣】,40006,,10004,10006,面圣,那就请小主跟随老奴前去太和殿面圣吧。【请小主点击太和殿之后点击面圣】,40006,,
剧情战斗（打第一关）,10006,,706,,,10005,10007,剧情战斗（打第一关）,小主可是想知晓关于娴妃娘娘的故事以便报答娴妃娘娘的恩情，那老奴悄悄告知小主，您可以前去剧情剧情查看娴妃娘娘从入宫前到入宫后的剧情。【请小主打通剧情第一章第一关卡】,40007,,10005,10007,剧情战斗（打第一关）,小主可是想知晓关于娴妃娘娘的故事以便报答娴妃娘娘的恩情，那老奴悄悄告知小主，您可以前去剧情剧情查看娴妃娘娘从入宫前到入宫后的剧情。【请小主打通剧情第一章第一关卡】,40007,,
穿装备,10007,,707,,,10006,10008,穿装备,小主，后宫之中人心叵测，小主若想要提升自己的战力，您需要通过穿装备来提升自己。【请小主点击装备按钮后前去穿戴装备】,40008,,10006,10008,穿装备,小主，后宫之中人心叵测，小主若想要提升自己的战力，您需要通过穿装备来提升自己。【请小主点击装备按钮后前去穿戴装备】,40008,,
强化,10008,,708,,,10007,10009,强化,小主，老奴依旧放心不下小主，老奴建议小主再前去强化一下筋骨才好应付那些心狠手辣之人。【请小前去仆从界面点击强化按钮】,40009,,10007,10009,强化,小主，老奴依旧放心不下小主，老奴建议小主再前去强化一下筋骨才好应付那些心狠手辣之人。【请小前去仆从界面点击强化按钮】,40009,,
剧情战斗（打第三关）,10009,,,,,10008,10010,剧情战斗（打第三关）,老奴看小主精神抖擞，小主可放心前去剧情战斗了。【请小主打通剧情第一章第三关卡】,40010,,10008,10010,剧情战斗（打第三关）,老奴看小主精神抖擞，小主可放心前去剧情战斗了。【请小主打通剧情第一章第三关卡】,40010,,
招募,10010,,710,,,10009,10011,招募,小主为何如此伤神，可要仔细玉体，娴妃娘娘给小主支招，让小主去寻觅一二贴心仆从，这样会对小主有极大的帮助。【请小主点击仆从按钮前去招募仆从】,40011,,10009,10011,招募,小主为何如此伤神，可要仔细玉体，娴妃娘娘给小主支招，让小主去寻觅一二贴心仆从，这样会对小主有极大的帮助。【请小主点击仆从按钮前去招募仆从】,40011,,
上阵,10011,,711,,,10010,10012,上阵,小主，既然已招募到忠心的仆从，那就让他们各司其职，尽忠职守吧。【请小主点击仆从按钮前去布阵】,40012,,10010,10012,上阵,小主，既然已招募到忠心的仆从，那就让他们各司其职，尽忠职守吧。【请小主点击仆从按钮前去布阵】,40012,,
剧情战斗（打通全关）,10012,,,,,10011,10013,剧情战斗（打通全关）,小主可是要再去一探究竟，现有仆从陪同，老奴也能放心了。【请小主打通剧情第一章全部关卡】,40013,,10011,10013,剧情战斗（打通全关）,小主可是要再去一探究竟，现有仆从陪同，老奴也能放心了。【请小主打通剧情第一章全部关卡】,40013,,
升官,10013,,713,,,10012,10014,升官,奉天承运，皇帝诏曰，命储秀宫各位小主前去接旨受封号。【请小主点击官品按钮前去挑战】,40014,,10012,10014,升官,奉天承运，皇帝诏曰，命储秀宫各位小主前去接旨受封号。【请小主点击官品按钮前去挑战】,40014,,
礼单任务,10014,,714,,,10013,10015,礼单任务,恭喜小主获封，从今日起小主要与后宫妃嫔多走动，对日后的宫中生活也是极有益处的。【请小主点击礼单】,40015,,10013,10015,礼单任务,恭喜小主获封，从今日起小主要与后宫妃嫔多走动，对日后的宫中生活也是极有益处的。【请小主点击礼单】,40015,,
建造土壤达到8块,10015,,716,1002,,10014,10016,建造土壤达到8块,晴格格感激小主前几日为太后送玫瑰花，特意前来提示小主多多建造土壤可加大产量。【请小主购买土壤】,40016,"(2017,2018,2019,2020,)",10014,10016,建造土壤达到8块,晴格格感激小主前几日为太后送玫瑰花，特意前来提示小主多多建造土壤可加大产量。【请小主购买土壤】,40016,"(2017,2018,2019,2020,)",
种植玫瑰花6朵,10016,,,1002,,10015,10017,种植玫瑰花6朵,福伽姑姑传话来，请小主种植6朵玫瑰花送去供太后早起使用。【请小主采摘玫瑰花】,40017,"(2000,2001,2002,2003,)",10015,10017,种植玫瑰花6朵,福伽姑姑传话来，请小主种植6朵玫瑰花送去供太后早起使用。【请小主采摘玫瑰花】,40017,"(2000,2001,2002,2003,)",
加速花朵2次,10017,,612,1001,,10016,10018,加速花朵2次,蕊心为小主准备了充足的元宝，使用元宝可为土壤加速，使花朵快速长成。【请小主加速鲜花】,40018,"(2004,2005,)",10016,10018,加速花朵2次,蕊心为小主准备了充足的元宝，使用元宝可为土壤加速，使花朵快速长成。【请小主加速鲜花】,40018,"(2004,2005,)",
建造金元宝,10018,,613,,,10017,10019,建造金元宝,公公见小主月银不够用了，好心提醒小主可以通过金元宝来生产银两供小主日常开销。【请小主点击皇宫→选择金元宝→拖拽到地图→建造成功】,40019,,10017,10019,建造金元宝,公公见小主月银不够用了，好心提醒小主可以通过金元宝来生产银两供小主日常开销。【请小主点击皇宫→选择金元宝→拖拽到地图→建造成功】,40019,,
生产银两,10019,,614,,,10018,10020,生产银两,娴妃娘娘派三宝来，教小主如何打碎银。【请小主点击元宝→将银两拖到生产格子内→等待收获】,40020,,10018,10020,生产银两,娴妃娘娘派三宝来，教小主如何打碎银。【请小主点击元宝→将银两拖到生产格子内→等待收获】,40020,,
加速生产银两,10020,,615,,,10019,10021,加速生产银两,蕊心为小主准备了充足的元宝，让小主加快打碎银的速度，快快拿到更多的银两。【请小主点击元宝→选中在生产的格子→点击加速按钮】,40021,,10019,10021,加速生产银两,蕊心为小主准备了充足的元宝，让小主加快打碎银的速度，快快拿到更多的银两。【请小主点击元宝→选中在生产的格子→点击加速按钮】,40021,,
建造书案,10021,,616,,,10020,10022,建造书案,娴妃娘娘派宫女告知小主可以通过书案进行学习来获取经验。【请小主点击皇宫→选择书案→拖拽到地图→建造成功】,40022,,10020,10022,建造书案,娴妃娘娘派宫女告知小主可以通过书案进行学习来获取经验。【请小主点击皇宫→选择书案→拖拽到地图→建造成功】,40022,,
生产经验,10022,,617,,,10021,10023,生产经验,三宝前来传话，告知小主生产经验的方法。【请小主建造书案→点击书案→将经验拖到生产格子内→等待收获】,40023,,10021,10023,生产经验,三宝前来传话，告知小主生产经验的方法。【请小主建造书案→点击书案→将经验拖到生产格子内→等待收获】,40023,,
加速生产经验,10023,,618,,,10022,10024,加速生产经验,蕊心为小主准备了充足的元宝，让小主加快学习速度来获取更多的经验。【请小主点击书案→选中在生产的格子→点击加速按钮】,40024,,10022,10024,加速生产经验,蕊心为小主准备了充足的元宝，让小主加快学习速度来获取更多的经验。【请小主点击书案→选中在生产的格子→点击加速按钮】,40024,,
砍树2棵,10024,,500,1005,,10023,10025,砍树2棵,皇后娘娘见小主近几日格外讨太后欢心，心生怨气，故借口责罚小主去荒地砍树以思过。【请小主点击任意一棵树→将锯子拖拽到所选树干上→砍树成功】,40025,"(2006,2007,2008,2009,2010,)",10023,10025,砍树2棵,皇后娘娘见小主近几日格外讨太后欢心，心生怨气，故借口责罚小主去荒地砍树以思过。【请小主点击任意一棵树→将锯子拖拽到所选树干上→砍树成功】,40025,"(2006,2007,2008,2009,2010,)",
除草2块,10025,,,,,10024,10026,除草2块,皇后娘娘怒气依旧未消去，因此继续责罚小主去荒地除草以思过。【请小主点击任意一块草地→将镰刀拖拽到所选草地上→除草成功】,40026,,10024,10026,除草2块,皇后娘娘怒气依旧未消去，因此继续责罚小主去荒地除草以思过。【请小主点击任意一块草地→将镰刀拖拽到所选草地上→除草成功】,40026,,
移动任意建筑,10026,,611,1004,,10025,10027,移动任意建筑,近几皇上日龙体抱恙，太后命钦天监观星卜卦得知原是小主寝宫的建筑布局风水不好冲撞了龙体，故命小主移动建筑改变寝宫的布局。【请小主选择任意建筑移动位置】,40027,"(2011,2012,2013,)",10025,10027,移动任意建筑,近几皇上日龙体抱恙，太后命钦天监观星卜卦得知原是小主寝宫的建筑布局风水不好冲撞了龙体，故命小主移动建筑改变寝宫的布局。【请小主选择任意建筑移动位置】,40027,"(2011,2012,2013,)",
建造装饰物,10027,,639,1009,,10026,10028,建造装饰物,娴妃娘娘给小主出主意，在宫中建造一个大雄石狮子能够改善宫中的风水。【请小主点击皇宫处→选择第二个建筑标签→在其下拉菜单下找到大雄石狮子→拖拽到地图空地→建造成功】,40028,"(2014,2015,2016,)",10026,10028,建造装饰物,娴妃娘娘给小主出主意，在宫中建造一个大雄石狮子能够改善宫中的风水。【请小主点击皇宫处→选择第二个建筑标签→在其下拉菜单下找到大雄石狮子→拖拽到地图空地→建造成功】,40028,"(2014,2015,2016,)",
查看繁荣度,10028,,610,,,10027,10031,查看繁荣度,请小主长按繁荣度按钮即可查看繁荣度。【请小主长按繁荣度显示框】,40029,,10027,10031,查看繁荣度,请小主长按繁荣度按钮即可查看繁荣度。【请小主长按繁荣度显示框】,40029,,
升官正九品,10031,,609,1003,,10028,10032,升官正九品,皇上下旨，将小主升官正九品。【请小主点击升官按钮→选择挑战→战斗胜利即可升官】,40032,"(2021,2022,2023,)",10028,10032,升官正九品,皇上下旨，将小主升官正九品。【请小主点击升官按钮→选择挑战→战斗胜利即可升官】,40032,"(2021,2022,2023,)",
添加好友一位,10032,,504,1008,,10031,10033,添加好友一位,晴格格见小主近几日心情不好，特意提醒小主多交些好友，既能缓解小主心情他日还能为小主帮忙。【请小主→点击好友按钮→选择添加好友界面→加好友】,40033,"(2042,2043,2044,)",10031,10033,添加好友一位,晴格格见小主近几日心情不好，特意提醒小主多交些好友，既能缓解小主心情他日还能为小主帮忙。【请小主→点击好友按钮→选择添加好友界面→加好友】,40033,"(2042,2043,2044,)",
向好友请安,10033,,505,,,10032,10034,向好友请安,公公提醒小主那日因穿错衣服冲撞了娴妃，建议小主通过请安来消除和娴妃娘娘之间的芥蒂。【请小主点击储秀宫→点击拜访→选择要拜访的好友】,40034,,10032,10034,向好友请安,公公提醒小主那日因穿错衣服冲撞了娴妃，建议小主通过请安来消除和娴妃娘娘之间的芥蒂。【请小主点击储秀宫→点击拜访→选择要拜访的好友】,40034,,
建造御花园,10034,,507,,,10033,10035,建造御花园,小主需先建造御花园方可开启花房等功能进行种花。【请小主建造御花园】,40035,,10033,10035,建造御花园,小主需先建造御花园方可开启花房等功能进行种花。【请小主建造御花园】,40035,,
花房造1朵暖阳初雪,10035,,631,1001,,10034,10036,花房造1朵暖阳初雪,娴妃娘娘得知是皇后挑拨她与小主二人关系，隧约小主前去花房种暖阳初雪以增进小主与她的感情。【请小主点击御花园→点击花房→选择暖阳初雪】,40036,"(2050,2051,2052,)",10034,10036,花房造1朵暖阳初雪,娴妃娘娘得知是皇后挑拨她与小主二人关系，隧约小主前去花房种暖阳初雪以增进小主与她的感情。【请小主点击御花园→点击花房→选择暖阳初雪】,40036,"(2050,2051,2052,)",
用化肥加速1次,10036,,,1002,,10035,10037,用化肥加速1次,小主陪同娴妃种花，娴妃甚是开心，特意命人送来化肥供小主使用。【请小主点击御花园→点击花房→选中花苗→点击化肥→施肥成功】,40037,"(2053,)",10035,10037,用化肥加速1次,小主陪同娴妃种花，娴妃甚是开心，特意命人送来化肥供小主使用。【请小主点击御花园→点击花房→选中花苗→点击化肥→施肥成功】,40037,"(2053,)",
合成1朵情有独钟,10037,,508,1001,,10036,10038,合成1朵情有独钟,令嫔本是花房女婢，如今一跃成为妃嫔，这后宫之中没人看得起这婢女出身的令嫔，唯独小主心善愿意与其交往，因此令嫔时常约小主去花房练习插花。【请小主→击御花园→点击插花→选中情有独钟→点击合成】,40038,"(2054,2055,2056,)",10036,10038,合成1朵情有独钟,令嫔本是花房女婢，如今一跃成为妃嫔，这后宫之中没人看得起这婢女出身的令嫔，唯独小主心善愿意与其交往，因此令嫔时常约小主去花房练习插花。【请小主→击御花园→点击插花→选中情有独钟→点击合成】,40038,"(2054,2055,2056,)",
赠送好友情有独钟,10038,,506,,,10037,10039,赠送好友情有独钟,公公给小主出主意，建议小主将插好的情有独钟赠予好友，有利于增加小主在宫中的魅力值。【请小主赠送任意好友一朵情有独钟】,40039,,10037,10039,赠送好友情有独钟,公公给小主出主意，建议小主将插好的情有独钟赠予好友，有利于增加小主在宫中的魅力值。【请小主赠送任意好友一朵情有独钟】,40039,,
建造织布机,10039,,512,,,10038,10040,建造织布机,小主需先建造织布机方可进行织布哦。【请小主建造织布机】,40040,,10038,10040,建造织布机,小主需先建造织布机方可进行织布哦。【请小主建造织布机】,40040,,
收获棉布,10040,,604,1002,,10039,10041,收获棉布,皇后娘娘刁难小主，让小主前去负责打造装备，幸有公公提醒需准备好棉布等材料才可。【请小主织造相应数量的棉布】,40041,"(2061,2062,2003,)",10039,10041,收获棉布,皇后娘娘刁难小主，让小主前去负责打造装备，幸有公公提醒需准备好棉布等材料才可。【请小主织造相应数量的棉布】,40041,"(2061,2062,2003,)",
建造矿洞,10041,,632,,,10040,10042,建造矿洞,小主需先建造矿洞方可进行采矿哦。【请小主建造矿洞】,40042,,10040,10042,建造矿洞,小主需先建造矿洞方可进行采矿哦。【请小主建造矿洞】,40042,,
采矿石,10042,,603,,,10041,10043,采矿石,矿石是打造装备必不可少的，小主一定要准备齐了再去打造装备。【请小主挖出相应数量的矿石】,40043,,10041,10043,采矿石,矿石是打造装备必不可少的，小主一定要准备齐了再去打造装备。【请小主挖出相应数量的矿石】,40043,,
升级技能5次,10043,,501,,,10042,10044,升级技能5次,公公见小主武力尚有欠缺，好心提醒小主可通过升级技能来提升自己的能力。【请小主点击技能→升级技能】,40044,,10042,10044,升级技能5次,公公见小主武力尚有欠缺，好心提醒小主可通过升级技能来提升自己的能力。【请小主点击技能→升级技能】,40044,,
上阵4个仆从,10044,,,1001,,10043,10045,上阵4个仆从,蕊心为小主出谋划策，建议小主招募仆从培养自己的势力才能不那么轻易被打败，方能站稳脚跟。【请小主点击仆从→点击第二个标签招募→选中所需仆从→点击招募】,40045,"(2030,2031,)",10043,10045,上阵4个仆从,蕊心为小主出谋划策，建议小主招募仆从培养自己的势力才能不那么轻易被打败，方能站稳脚跟。【请小主点击仆从→点击第二个标签招募→选中所需仆从→点击招募】,40045,"(2030,2031,)",
升级从八品,10045,,,1003,,10044,10046,升级从八品,皇上下旨，将小主升官从八品。【请小主点击官职→点击提升官职】,40046,"(2032,2033,)",10044,10046,升级从八品,皇上下旨，将小主升官从八品。【请小主点击官职→点击提升官职】,40046,"(2032,2033,)",
建造造办处,10046,,513,,,10045,10047,建造造办处,小主需先建造造办处方可开启打造等功能进行打造装备。【请小主建造造办处】,40047,,10045,10047,建造造办处,小主需先建造造办处方可开启打造等功能进行打造装备。【请小主建造造办处】,40047,,
造装备,10047,,605,,,10046,10048,造装备,材料准备齐全，即刻动身前去打造装备，以防皇后娘娘再找借口责罚小主。【请小主点击造办处→点击打造→选择要打造的武器装备】,40048,,10046,10048,造装备,材料准备齐全，即刻动身前去打造装备，以防皇后娘娘再找借口责罚小主。【请小主点击造办处→点击打造→选择要打造的武器装备】,40048,,
装备分解,10048,,,,,10047,10049,装备分解,公公见小主背包快要满了，好心提醒小主可以通过装备分解获取碎片来减少背包的库存。【请小主点击背包→选择要分解的装备→点击分解→分解成功】,40049,,10047,10049,装备分解,公公见小主背包快要满了，好心提醒小主可以通过装备分解获取碎片来减少背包的库存。【请小主点击背包→选择要分解的装备→点击分解→分解成功】,40049,,
兑换图纸,10049,,502,,,10048,10050,兑换图纸,娴妃娘娘托人带话给小主，小主前几日分解的碎片可兑换成打造装备的图纸，真可谓大有用途。【请小主点击商城→点击兑换界面→选择要兑换的装备图纸】,40050,,10048,10050,兑换图纸,娴妃娘娘托人带话给小主，小主前几日分解的碎片可兑换成打造装备的图纸，真可谓大有用途。【请小主点击商城→点击兑换界面→选择要兑换的装备图纸】,40050,,
通关普通关卡第二章,10050,,,,,10049,10052,通关普通关卡第二章,通关普通关卡第二章,40051,,10049,10052,通关普通关卡第二章,通关普通关卡第二章,40051,,
战斗力达到12000,10052,,,,,10050,10053,战斗力达到12000,公公提醒小主，若想升官职就需战斗力达到12000。,40053,,10050,10053,战斗力达到12000,公公提醒小主，若想升官职就需战斗力达到12000。,40053,,
在聊天综合频道中说一句话,10053,,,1009,,10052,10054,在聊天综合频道中说一句话,皇后娘娘见小主独得恩宠心生嫉妒，召见小主并讥讽小主一番，强行命令小主跟各宫娘娘前去聊天说话。,40054,"(2045,2046,2047,2048,2049,)",10052,10054,在聊天综合频道中说一句话,皇后娘娘见小主独得恩宠心生嫉妒，召见小主并讥讽小主一番，强行命令小主跟各宫娘娘前去聊天说话。,40054,"(2045,2046,2047,2048,2049,)",
升级正八品,10054,,,,,10053,10055,升级正八品,皇上有旨，夸小主在后宫人缘极好，魅力值达到99，隧将小主升官正八品。,40055,,10053,10055,升级正八品,皇上有旨，夸小主在后宫人缘极好，魅力值达到99，隧将小主升官正八品。,40055,,
刷宝,10055,,,,,10054,10056,刷宝,公公提醒小主，通过剧情刷宝可获取更多的经验和奖励。（点击剧情→选中主要关卡→点击刷宝按钮）,40056,,10054,10056,刷宝,公公提醒小主，通过剧情刷宝可获取更多的经验和奖励。（点击剧情→选中主要关卡→点击刷宝按钮）,40056,,
收30朵满天星,10056,,,,,10055,10057,收30朵满天星,皇后身边的姑姑前来带话，请小主收满天星供皇后娘娘近日使用。,40057,,10055,10057,收30朵满天星,皇后身边的姑姑前来带话，请小主收满天星供皇后娘娘近日使用。,40057,,
合成1朵桃之妖妖,10057,,,,,10056,10058,合成1朵桃之妖妖,皇后娘娘命小主带上满天星前去花房种新品种花。,40058,,10056,10058,合成1朵桃之妖妖,皇后娘娘命小主带上满天星前去花房种新品种花。,40058,,
赠送好友桃之妖妖,10058,,,,,10057,10029,赠送好友桃之妖妖,小丫鬟给小主出主意，建议小主将插好的桃之妖妖送后宫小主。,40059,,10057,10029,赠送好友桃之妖妖,小丫鬟给小主出主意，建议小主将插好的桃之妖妖送后宫小主。,40059,,
建造擂台,10029,,509,,,10058,10030,建造擂台,小主需先建造擂台方可开启擂台等功能进行比武。【请小主建造擂台】,40030,,10058,10030,建造擂台,小主需先建造擂台方可开启擂台等功能进行比武。【请小主建造擂台】,40030,,
引导比武,10030,,601,1008,,10029,10059,引导比武,惠贵妃平时便与众妃嫔不和，现如今约小主前去擂台比武，可见其心怀不轨，小主还是小心为妙。【请小主点击擂台→选择比武对象】,40031,"(2057,2058,2059,2060,)",10029,10059,引导比武,惠贵妃平时便与众妃嫔不和，现如今约小主前去擂台比武，可见其心怀不轨，小主还是小心为妙。【请小主点击擂台→选择比武对象】,40031,"(2057,2058,2059,2060,)",
购买任意一件装扮,10059,,,,,10030,10060,购买任意一件装扮,小丫鬟为小主提议，前去尚衣局置办一件华美的装扮或许会让自己在太后的寿辰之时给皇上眼前一亮的感觉，赢得宠爱。,40060,,10030,10060,购买任意一件装扮,小丫鬟为小主提议，前去尚衣局置办一件华美的装扮或许会让自己在太后的寿辰之时给皇上眼前一亮的感觉，赢得宠爱。,40060,,
穿戴新购买的饰品,10060,,,,,10059,10061,穿戴新购买的饰品,小主，快将新置办的饰品穿戴上吧！,40061,,10059,10061,穿戴新购买的饰品,小主，快将新置办的饰品穿戴上吧！,40061,,
拜访好友,10061,,,,,10060,10066,拜访好友,小主，近日多去各位小主家走走看看巩固一下感情。,40062,,10060,10066,拜访好友,小主，近日多去各位小主家走走看看巩固一下感情。,40062,,
建造太液池,10062,,,,,10061,10066,建造太液池,公公提醒小主，近日好多小主在宫中修葺了太液池，小主您也建造一个吧。,40063,,10061,10066,建造太液池,公公提醒小主，近日好多小主在宫中修葺了太液池，小主您也建造一个吧。,40063,,
钓一次鱼,10063,,,,,10061,10066,钓一次鱼,闲来无事，王爷约皇上前去太液池垂钓，皇上特命小主一同前去。,40064,,10061,10066,钓一次鱼,闲来无事，王爷约皇上前去太液池垂钓，皇上特命小主一同前去。,40064,,
建造一个造渔具的工作台,10064,,,,,10061,10066,建造一个造渔具的工作台,小主，您可以通过造渔具的工作台制造鱼钩哦~,40065,,10061,10066,建造一个造渔具的工作台,小主，您可以通过造渔具的工作台制造鱼钩哦~,40065,,
造2枚铜鱼钩,10065,,,,,10061,10066,造2枚铜鱼钩,小主，您可以自己打制一些鱼钩以备以后钓鱼时用哦~,40066,,10061,10066,造2枚铜鱼钩,小主，您可以自己打制一些鱼钩以备以后钓鱼时用哦~,40066,,
收获5块棉布,10066,,,,,10065,10067,收获5块棉布,小主，奴婢听说您想打造些装备，小主要先行准备材料哦！,40067,,10065,10067,收获5块棉布,小主，奴婢听说您想打造些装备，小主要先行准备材料哦！,40067,,
收获5块铜矿,10067,,,,,10066,10068,收获5块铜矿,小主，除了棉布外，您还需要准备打造用的矿石哦~,40068,,10066,10068,收获5块铜矿,小主，除了棉布外，您还需要准备打造用的矿石哦~,40068,,
造装备缎带,10068,,,,,10067,10069,造装备缎带,小主，打造装备的材料都已备齐了，请小主前去打造装备吧~,40069,,10067,10069,造装备缎带,小主，打造装备的材料都已备齐了，请小主前去打造装备吧~,40069,,
任意技能升级,10069,,,,,10068,10070,任意技能升级,小主最近是否感觉比武力不从心了？小主快试着吃些内丹升升技能吧！,40070,,10068,10070,任意技能升级,小主最近是否感觉比武力不从心了？小主快试着吃些内丹升升技能吧！,40070,,
招募仆从到6个,10070,,,,,10069,10071,招募仆从到6个,请小主招募仆到6个，心腹越多在后宫地位越稳固哦~,40071,,10069,10071,招募仆从到6个,请小主招募仆到6个，心腹越多在后宫地位越稳固哦~,40071,,
升官至从七品,10071,,,,,10070,10051,升官至从七品,恭喜小主晋升一级官品，请小主前去领旨谢恩吧！,40072,,10070,10051,升官至从七品,恭喜小主晋升一级官品，请小主前去领旨谢恩吧！,40072,,
建造保和殿,10051,,503,,,10071,10072,建造保和殿,小主需先建造保和殿方可开启官职等功能进行升官品。,40052,,10071,10072,建造保和殿,小主需先建造保和殿方可开启官职等功能进行升官品。,40052,,
换衣服,10072,,,,,10051,10074,换衣服,听闻小主即将娶亲，请小主购买灿金棉褂吉服（天子）,40073,,10051,10074,换衣服,听闻小主即将娶亲，请小主购买灿金棉褂吉服（天子）,40073,,
结婚,10073,,,,,10072,10074,结婚,请小主向喜欢的人儿表白吧！快马加鞭送聘书吧！,40074,,10072,10074,结婚,请小主向喜欢的人儿表白吧！快马加鞭送聘书吧！,40074,,
送花一次,10074,,,,,10072,10075,送花一次,恭喜小主完成大婚，请为自己另一半送上美丽的飘花增加结拜双方的亲密度吧！,40075,,10072,10075,送花一次,恭喜小主完成大婚，请为自己另一半送上美丽的飘花增加结拜双方的亲密度吧！,40075,,
收获10块棉布,10075,,,,,10074,10076,收获10块棉布,请小主收获已纺织好的棉布吧！,40076,,10074,10076,收获10块棉布,请小主收获已纺织好的棉布吧！,40076,,
收获10瓶明黄色,10076,,,,,10075,10077,收获10瓶明黄色, 请小主再去收取已经调制好的染料吧！,40077,,10075,10077,收获10瓶明黄色, 请小主再去收取已经调制好的染料吧！,40077,,
制衣,10077,,,,,10076,10078,制衣,小主，制衣的布匹和染料都已准备好了，请小主只做一件新衣吧！,40078,,10076,10078,制衣,小主，制衣的布匹和染料都已准备好了，请小主只做一件新衣吧！,40078,,
合成1枚2级宝石,10078,,,,,10077,10079,合成1枚2级宝石,请小主合成一个2级普通宝石。,40079,,10077,10079,合成1枚2级宝石,请小主合成一个2级普通宝石。,40079,,
镶嵌宝石1次,10079,,,,,10078,10080,镶嵌宝石1次,请小主将合成的宝石镶嵌到装备上。,40080,,10078,10080,镶嵌宝石1次,请小主将合成的宝石镶嵌到装备上。,40080,,
探宝1次,10080,,738,,,10079,10081,探宝1次,小主，奴婢听说内务府新到一批宝物，请小主前去探宝吧！,40081,,10079,10081,探宝1次,小主，奴婢听说内务府新到一批宝物，请小主前去探宝吧！,40081,,
探宝3次,10081,,,,,10080,10082,探宝3次,听闻探宝结束后会获得稀有大礼包，小主在探3次吧，加油哦~,40082,,10080,10082,探宝3次,听闻探宝结束后会获得稀有大礼包，小主在探3次吧，加油哦~,40082,,
升官至正七品,10082,,,,,10081,10083,升官至正七品,恭喜小主晋升一级官品，请小主前去领旨谢恩吧！,40083,,10081,10083,升官至正七品,恭喜小主晋升一级官品，请小主前去领旨谢恩吧！,40083,,
砍树5棵,10083,,,,,10082,10084,砍树5棵,小主，我们需要扩充宫内土地以便日后建造新的建筑哦~请小主砍除5棵杂树。,40084,,10082,10084,砍树5棵,小主，我们需要扩充宫内土地以便日后建造新的建筑哦~请小主砍除5棵杂树。,40084,,
除草5块,10084,,,,,10083,10085,除草5块,请小主继续清楚5块杂草。,40085,,10083,10085,除草5块,请小主继续清楚5块杂草。,40085,,
炸小石头5块,10085,,,,,10084,10086,炸小石头5块,如果有杂乱小石块，也请小主一并清除，这样我们宫中方能更加敞亮哟~,40086,,10084,10086,炸小石头5块,如果有杂乱小石块，也请小主一并清除，这样我们宫中方能更加敞亮哟~,40086,,
供养连理枝5次,10086,,,,,10085,10087,供养连理枝5次,小主，连理枝是结拜二人爱的象征，请小主供养连理枝5次。,40087,,10085,10087,供养连理枝5次,小主，连理枝是结拜二人爱的象征，请小主供养连理枝5次。,40087,,
提升技能1次,10087,,,,,10086,10088,提升技能1次,小主，适时地提升自己的技能有助于自己在后宫中根深蒂固哦~,40088,,10086,10088,提升技能1次,小主，适时地提升自己的技能有助于自己在后宫中根深蒂固哦~,40088,,
升官至从六品,10088,,,,,10087,10089,升官至从六品,恭喜小主晋升一级官品，请小主前去领旨谢恩吧！,40089,,10087,10089,升官至从六品,恭喜小主晋升一级官品，请小主前去领旨谢恩吧！,40089,,
升级1个花盆,10089,,,,,10088,10090,升级1个花盆,小主，奴婢听闻皇宫御花园新进贡一批高级花盆，小主快去升级更换1个花盆吧！,40090,,10088,10090,升级1个花盆,小主，奴婢听闻皇宫御花园新进贡一批高级花盆，小主快去升级更换1个花盆吧！,40090,,
合成一朵我心悦你,10090,,,,,10089,10091,合成一朵我心悦你,换上了华美的花盆，也请小主试着合成1朵少见的我心悦你吧！,40091,,10089,10091,合成一朵我心悦你,换上了华美的花盆，也请小主试着合成1朵少见的我心悦你吧！,40091,,
送花我心悦你,10091,,,,,10090,10092,送花我心悦你,我心悦你送给最爱的人，请小主将我心悦你送给伴侣吧！,40092,,10090,10092,送花我心悦你,我心悦你送给最爱的人，请小主将我心悦你送给伴侣吧！,40092,,
进贡2次,10092,,,,,10091,10093,进贡2次,小主，皇上下旨各宫小主均需向西域亲王进贡2件珍宝。,40093,,10091,10093,进贡2次,小主，皇上下旨各宫小主均需向西域亲王进贡2件珍宝。,40093,,
做2单礼单任务,10093,,,,,10092,10094,做5单礼单任务,小主，近日要与各宫妃嫔常常多走动哦~请小主完成2单礼单任务。,40094,,10092,10094,做5单礼单任务,小主，近日要与各宫妃嫔常常多走动哦~请小主完成2单礼单任务。,40094,,
做2单帮派任务,10094,,,,,10093,10098,做2单帮派任务,小主，帮派之间的联络也必不可少哦~请小主完成2单帮派任务。,40095,,10093,10098,做2单帮派任务,小主，帮派之间的联络也必不可少哦~请小主完成2单帮派任务。,40095,,
熔炼1枚高级宝石,10095,1,,,,10094,10098,熔炼1枚高级宝石,小主五级普通宝石已不够我们使用了，请小主使用熔炼炉任意融合一枚5级的高级宝石。,40096,,10094,10098,熔炼1枚高级宝石,小主五级普通宝石已不够我们使用了，请小主使用熔炼炉任意融合一枚五级的高级宝石。,40096,,
建造太液池,20062,,,,,10095,10098,建造太液池,公公提醒小主，近日好多小主在宫中修葺了太液池，小主您也建造一个吧。,41063,,10095,10098,建造太液池,公公提醒小主，近日好多小主在宫中修葺了太液池，小主您也建造一个吧。,41063,,
钓一次鱼,20063,,,,,20062,10098,钓一次鱼,闲来无事，王爷约皇上前去太液池垂钓，皇上特命小主一同前去。,41064,,20062,10098,钓一次鱼,闲来无事，王爷约皇上前去太液池垂钓，皇上特命小主一同前去。,41064,,
建造渔具工作台,20064,,,,,20063,10098,建造一个造渔具的工作台,小主，您可以通过造渔具的工作台制造鱼钩哦~,41065,,20063,10098,建造一个造渔具的工作台,小主，您可以通过造渔具的工作台制造鱼钩哦~,41065,,
造2枚铜鱼钩,20065,,,,,20064,10098,造2枚铜鱼钩,小主，您可以自己打制一些鱼钩以备以后钓鱼时用哦~,41066,,20064,10098,造2枚铜鱼钩,小主，您可以自己打制一些鱼钩以备以后钓鱼时用哦~,41066,,
登陆第二天,10098,,,,,20065,10096,登陆第二天,小主，请您检查登陆二天哦~勤劳的小主才会讨太后欢心。,40099,,20065,10096,登陆第二天,小主，请您检查登陆二天哦~勤劳的小主才会讨太后欢心。,40099,,
收百合花,10096,,,,,10098,10097,收百合花,听闻御花房又有新进贡的香水百合，请小主移步御花房种植百合花。,40100,,10098,10097,收百合花,听闻御花房又有新进贡的香水百合，请小主移步御花房种植百合花。,40100,,
镶嵌1级宝石,10097,,,,,10096,10099,镶嵌1级宝石,小主，多谢小主体恤奴婢们，请为所有仆从镶嵌上宝石。,40097,,10096,10099,镶嵌1级宝石,小主，多谢小主体恤奴婢们，请为所有仆从镶嵌上宝石。,40097,,
强化（2）,10099,,,,,10097,10100,强化（2）,小主体力不是特别良好，请小主赶紧强化自己吧。,40098,,10097,10100,强化（2）,小主体力不是特别良好，请小主赶紧强化自己吧。,40098,,
剧情战斗第三章,10100,,,,,10099,10101,剧情战斗第三章,老奴恭迎小主，小主可是想继续了解娴妃娘娘过往，请打通剧情第三章全部关卡。,40101,,10099,10101,剧情战斗第三章,老奴恭迎小主，小主可是想继续了解娴妃娘娘过往，请打通剧情第三章全部关卡。,40101,,
礼单任务（2）,10101,,,,,10100,10102,礼单任务（2）,近日小主与各宫妃嫔罕有走动，请小主完成礼单任务拉进与后宫妃嫔的关系。,40102,,10100,10102,礼单任务（2）,近日小主与各宫妃嫔罕有走动，请小主完成礼单任务拉进与后宫妃嫔的关系。,40102,,
砍树（2）,10102,,,,,10101,10103,砍树（2）,小主在这后宫中已然小心翼翼，不知怎的还是得罪了贵妃娘娘，被罚来御花园砍树。,40103,,10101,10103,砍树（2）,小主在这后宫中已然小心翼翼，不知怎的还是得罪了贵妃娘娘，被罚来御花园砍树。,40103,,
除草（2）,10103,,,,,10102,10105,除草（2）,小主都已思过，然而贵妃依旧怒气不消，让小主再去除些杂草方可息怒。,40104,,10102,10105,除草（2）,小主都已思过，然而贵妃依旧怒气不消，让小主再去除些杂草方可息怒。,40104,,
收布（2）,10105,,,,,10103,10106,收布（2）,请小主收获已纺织好的布料吧！,40106,,10103,10106,收布（2）,请小主收获已纺织好的布料吧！,40106,,
采矿石（2),10106,,,,,10105,10107,采矿石（2), 请小主再去收取已经开采好的矿石吧！,40107,,10105,10107,采矿石（2), 请小主再去收取已经开采好的矿石吧！,40107,,
升级技能（2）,10107,,,,,10106,10108,升级技能（2）,小主，适时地提升自己的技能有助于自己在后宫中根深蒂固哦~,40108,,10106,10108,升级技能（2）,小主，适时地提升自己的技能有助于自己在后宫中根深蒂固哦~,40108,,
造装备（2）,10108,,,,,10107,10109,造装备（2）,俗话说的好，好马配好鞍，小主除了自身提升以外也要有好的装备相匹配。,40109,,10107,10109,造装备（2）,俗话说的好，好马配好鞍，小主除了自身提升以外也要有好的装备相匹配。,40109,,
战斗力（2）,10109,,,,,10108,10110,战斗力（2）,老奴恭迎小主，小主可是想继续了解娴妃娘娘过往，请打通剧情第四章全部关卡。,40111,,10108,10110,战斗力（2）,老奴恭迎小主，小主可是想继续了解娴妃娘娘过往，请打通剧情第四章全部关卡。,40111,,
剧情战斗第四章,10110,,,,,10109,10111,剧情战斗第四章,请小主努力提升战力吧！,40110,,10109,10111,剧情战斗第四章,请小主努力提升战力吧！,40110,,
聊天一次（2）,10111,,,,,10110,10112,聊天一次（2）,请小主在聊天综合频道中聊天，近日多与各位小主家聊聊天巩固一下感情。,40112,,10110,10112,聊天一次（2）,请小主在聊天综合频道中聊天，近日多与各位小主家聊聊天巩固一下感情。,40112,,
刷宝（2）,10112,,,,,10111,10113,刷宝（2）,小主，天降馅饼的好事情何不去拼拼手气，请小主前去任意剧情进行刷宝吧。,40113,,10111,10113,刷宝（2）,小主，天降馅饼的好事情何不去拼拼手气，请小主前去任意剧情进行刷宝吧。,40113,,
收10次蒲公英,10113,,,,,10112,10114,收10次蒲公英,听闻御花房又有新进贡的蒲公英，请小主移步御花房种植蒲公英。,40114,,10112,10114,收10次蒲公英,听闻御花房又有新进贡的蒲公英，请小主移步御花房种植蒲公英。,40114,,
合成我美人含笑,10114,,,,,10113,10115,合成我美人含笑,小主近日烦闷，可前去御花房种植美人含笑,40115,,10113,10115,合成我美人含笑,小主近日烦闷，可前去御花房种植美人含笑,40115,,
赠送好友美人含笑,10115,,,,,10114,10116,赠送好友美人含笑,小丫鬟给小主出主意，建议小主将插好的美人含笑送后宫小主。,40116,,10114,10116,赠送好友美人含笑,小丫鬟给小主出主意，建议小主将插好的美人含笑送后宫小主。,40116,,
拜访好友（2）,10116,,,,,10115,10117,拜访好友（2）,小主，近日多去各位小主家走走看看，拜访各位小主有助于巩固感情。,40117,,10115,10117,拜访好友（2）,小主，近日多去各位小主家走走看看，拜访各位小主有助于巩固感情。,40117,,
连理枝（2）,10117,,,,,10116,10118,连理枝（2）,在天愿作比翼鸟，在地愿为连理枝，小主可不要忘记了供养连理枝哦~,40118,,10116,10118,连理枝（2）,在天愿作比翼鸟，在地愿为连理枝，小主可不要忘记了供养连理枝哦~,40118,,
升级1个花盆（2）,10118,,,,,10117,10119,升级1个花盆（2）,小主，奴婢听闻升级花盆可大大缩短种植时间，还可以提高鲜花品质哦~,40119,,10117,10119,升级1个花盆（2）,小主，奴婢听闻升级花盆可大大缩短种植时间，还可以提高鲜花品质哦~,40119,,
进贡（2）,10119,,,,,10118,10120,进贡（2）,小主，皇上下旨各宫小主均需向西域亲王进贡珍宝。,40120,,10118,10120,进贡（2）,小主，皇上下旨各宫小主均需向西域亲王进贡珍宝。,40120,,
登陆第三天,10120,,,,,10119,10121,登陆第三天,小主，请您检查登陆三天哦~勤劳的小主才会讨太后欢心。,40202,,10119,10121,登陆第三天,小主，请您检查登陆三天哦~勤劳的小主才会讨太后欢心。,40202,,
种薰衣草,10121,,,,,10120,10122,种薰衣草,福伽姑姑传话来，近日太后睡眠不是太好，请小主种植薰衣草送去供太后早起使用。,40203,,10120,10122,种薰衣草,福伽姑姑传话来，近日太后睡眠不是太好，请小主种植薰衣草送去供太后早起使用。,40203,,
宝石（3）,10122,,,,,10121,10123,宝石（3）,小主，多谢小主体恤奴婢们，请为所有仆从镶嵌上2级宝石。,40200,,10121,10123,宝石（3）,小主，多谢小主体恤奴婢们，请为所有仆从镶嵌上2级宝石。,40200,,
强化（3）,10123,,,,,10122,10124,强化（3）,小主体力不是特别良好，请小主赶紧强化自己吧。,40201,,10122,10124,强化（3）,小主体力不是特别良好，请小主赶紧强化自己吧。,40201,,
剧情战斗第五章,10124,,,,,10123,10125,剧情战斗第五章,老奴恭迎小主，小主可是想继续了解娴妃娘娘过往，请打通剧情第五章全部关卡。,40204,,10123,10125,剧情战斗第五章,老奴恭迎小主，小主可是想继续了解娴妃娘娘过往，请打通剧情第五章全部关卡。,40204,,
礼单任务（3）,10125,,,,,10124,10126,礼单任务（3）,近日小主与各宫妃嫔罕有走动，请小主完成1件礼单任务拉进与后宫妃嫔的关系。,40205,,10124,10126,礼单任务（3）,近日小主与各宫妃嫔罕有走动，请小主完成1件礼单任务拉进与后宫妃嫔的关系。,40205,,
砍树（3）,10126,,,,,10125,10127,砍树（3）,小主在这后宫中已然小心翼翼，不知怎的还是得罪了贵妃娘娘，被罚来御花园砍树。,40206,,10125,10127,砍树（3）,小主在这后宫中已然小心翼翼，不知怎的还是得罪了贵妃娘娘，被罚来御花园砍树。,40206,,
除草（3）,10127,,,,,10126,10128,除草（3）,小主都已思过，然而贵妃依旧怒气不消，让小主再去除些杂草方可息怒。,40207,,10126,10128,除草（3）,小主都已思过，然而贵妃依旧怒气不消，让小主再去除些杂草方可息怒。,40207,,
收布（3）,10128,,,,,10127,10129,收布（3）,请小主收获已纺织好的布料吧！,40209,,10127,10129,收布（3）,请小主收获已纺织好的布料吧！,40209,,
采矿石（3),10129,,,,,10128,10130,采矿石（3), 请小主再去收取已经开采好的矿石吧！,40210,,10128,10130,采矿石（3), 请小主再去收取已经开采好的矿石吧！,40210,,
升级技能（3）,10130,,,,,10129,10131,升级技能（3）,小主，适时地提升自己的技能有助于自己在后宫中根深蒂固哦~,40211,,10129,10131,升级技能（3）,小主，适时地提升自己的技能有助于自己在后宫中根深蒂固哦~,40211,,
造装备（3）,10131,,,,,10130,10132,造装备（3）,俗话说的好，好马配好鞍，小主除了自身提升以外也要有好的装备相匹配。,40212,,10130,10132,造装备（3）,俗话说的好，好马配好鞍，小主除了自身提升以外也要有好的装备相匹配。,40212,,
剧情战斗第六章,10132,,,,,10131,10133,剧情战斗第六章,老奴恭迎小主，小主可是想继续了解娴妃娘娘过往，请打通剧情第六章全部关卡。,40213,,10131,10133,剧情战斗第六章,老奴恭迎小主，小主可是想继续了解娴妃娘娘过往，请打通剧情第六章全部关卡。,40213,,
战斗力（3）,10133,,,,,10132,10134,战斗力（3）,请小主努力提升战力吧！,40214,,10132,10134,战斗力（3）,请小主努力提升战力吧！,40214,,
聊天一次（3）,10134,,,,,10133,10135,聊天一次（3）,请小主在聊天综合频道中聊天，近日多与各位小主家聊聊天巩固一下感情。,40215,,10133,10135,聊天一次（3）,请小主在聊天综合频道中聊天，近日多与各位小主家聊聊天巩固一下感情。,40215,,
刷宝（3）,10135,,,,,10134,10136,刷宝（3）,小主，天降馅饼的好事情何不去拼拼手气，请小主前去任意剧情进行刷宝吧。,40216,,10134,10136,刷宝（3）,小主，天降馅饼的好事情何不去拼拼手气，请小主前去任意剧情进行刷宝吧。,40216,,
等级30级,10136,,,,,10135,10137,等级30级,等级越高，享有的权利越大，请小主努力升级吧！,40218,,10135,10137,等级30级,等级越高，享有的权利越大，请小主努力升级吧！,40218,,
种虞美人,10137,,,,,10136,10138,种虞美人,姑姑传话来，近日皇后娘娘格外喜欢虞美人，请小主种植一些虞美人讨皇后娘娘喜欢。,40217,,10136,10138,种虞美人,姑姑传话来，近日皇后娘娘格外喜欢虞美人，请小主种植一些虞美人讨皇后娘娘喜欢。,40217,,
拜访好友（3）,10138,,,,,10137,10139,拜访好友（3）,小主，近日多去各位小主家走走看看，拜访各位小主有助于巩固感情。,40220,,10137,10139,拜访好友（3）,小主，近日多去各位小主家走走看看，拜访各位小主有助于巩固感情。,40220,,
连理枝（3）,10139,,,,,10138,10140,连理枝（3）,在天愿作比翼鸟，在地愿为连理枝，小主可不要忘记了供养连理枝哦~,40221,,10138,10140,连理枝（3）,在天愿作比翼鸟，在地愿为连理枝，小主可不要忘记了供养连理枝哦~,40221,,
花盆（3）,10140,,,,,10139,10141,花盆（3）,小主，奴婢听闻升级花盆可大大缩短种植时间，还可以提高鲜花品质哦~,40222,,10139,10141,花盆（3）,小主，奴婢听闻升级花盆可大大缩短种植时间，还可以提高鲜花品质哦~,40222,,
进贡（2）,10141,,,,,10140,10142,进贡（2）,小主，皇上下旨各宫小主均需向西域亲王进贡珍宝。,40223,,10140,10142,进贡（2）,小主，皇上下旨各宫小主均需向西域亲王进贡珍宝。,40223,,
阵法（1）,10142,,,,,10141,10143,阵法（1）,小主，您战力提升极高，但阵法可以为小主继续锦上添花哦~,40224,,10141,10143,阵法（1）,小主，您战力提升极高，但阵法可以为小主继续锦上添花哦~,40224,,
修炼（1）,10143,,,,,10142,10144,修炼（1）,小主，勤能补拙，要多多修炼哦~,40225,,10142,10144,修炼（1）,小主，勤能补拙，要多多修炼哦~,40225,,
砸蛋（1）,10144,,,,,10143,10145,砸蛋（1）,小主，奴婢听闻宫中砸金蛋可爆出不少稀罕物件呢，小主快去试试吧！,40226,,10143,10145,砸蛋（1）,小主，奴婢听闻宫中砸金蛋可爆出不少稀罕物件呢，小主快去试试吧！,40226,,
派系任务（1）,10145,,,,,10144,10146,派系任务（1）,宫中妃嫔也是分派系的，强大的派系支持才是宫中强有力的依靠，小主快去派系中贡献一份力吧！,40227,,10144,10146,派系任务（1）,宫中妃嫔也是分派系的，强大的派系支持才是宫中强有力的依靠，小主快去派系中贡献一份力吧！,40227,,
登陆第四天,10146,,,,,10145,10147,登陆第四天,小主，请您检查登陆四天哦~勤劳的小主才会讨太后欢心。,40300,,10145,10147,登陆第四天,小主，请您检查登陆四天哦~勤劳的小主才会讨太后欢心。,40300,,
种薰衣草,10147,,,,,10146,10148,种薰衣草,福伽姑姑传话来，近日太后睡眠不是太好，请小主种植薰衣草送去供太后早起使用。,40301,,10146,10148,种薰衣草,福伽姑姑传话来，近日太后睡眠不是太好，请小主种植薰衣草送去供太后早起使用。,40301,,
宝石（4）,10148,,,,,10147,10149,宝石（4）,小主，多谢小主体恤奴婢们，请为所有仆从镶嵌上宝石。,40302,,10147,10149,宝石（4）,小主，多谢小主体恤奴婢们，请为所有仆从镶嵌上宝石。,40302,,
强化（4）,10149,,,,,10148,10150,强化（4）,小主体力不是特别良好，请小主前去强化自己吧！,40303,,10148,10150,强化（4）,小主体力不是特别良好，请小主前去强化自己吧！,40303,,
礼单任务（4）,10150,,,,,10149,10151,礼单任务（4）,近日小主与各宫妃嫔罕有走动，请小主完成礼单任务拉进与后宫妃嫔的关系。,40304,,10149,10151,礼单任务（4）,近日小主与各宫妃嫔罕有走动，请小主完成礼单任务拉进与后宫妃嫔的关系。,40304,,
砍树（4）,10151,,,,,10150,10152,砍树（4）,小主在这后宫中已然小心翼翼，不知怎的还是得罪了贵妃娘娘，被罚来御花园砍树。,40305,,10150,10152,砍树（4）,小主在这后宫中已然小心翼翼，不知怎的还是得罪了贵妃娘娘，被罚来御花园砍树。,40305,,
除草（4）,10152,,,,,10151,10153,除草（4）,小主都已思过，然而贵妃依旧怒气不消，让小主再去除些杂草方可息怒。,40306,,10151,10153,除草（4）,小主都已思过，然而贵妃依旧怒气不消，让小主再去除些杂草方可息怒。,40306,,
收布（4）,10153,,,,,10152,10154,收布（4）,请小主收获已纺织好的布料吧！,40307,,10152,10154,收布（4）,请小主收获已纺织好的布料吧！,40307,,
采矿石（4）,10154,,,,,10153,10155,采矿石（4）, 请小主再去收取已经开采好的矿石吧！,40308,,10153,10155,采矿石（4）, 请小主再去收取已经开采好的矿石吧！,40308,,
升级技能（4）,10155,,,,,10154,10156,升级技能（4）,小主，适时地提升自己的技能有助于自己在后宫中根深蒂固哦~,40309,,10154,10156,升级技能（4）,小主，适时地提升自己的技能有助于自己在后宫中根深蒂固哦~,40309,,
造装备（4）,10156,,,,,10155,10157,造装备（4）,俗话说的好，好马配好鞍，小主除了自身提升以外也要有好的装备相匹配。,40310,,10155,10157,造装备（4）,俗话说的好，好马配好鞍，小主除了自身提升以外也要有好的装备相匹配。,40310,,
等级32级,10157,,,,,10156,10158,等级32级,等级越高，享有的权利越大，请小主努力升级吧！,40311,,10156,10158,等级32级,等级越高，享有的权利越大，请小主努力升级吧！,40311,,
剧情精英第五章,10158,,,,,10157,10159,剧情精英第五章,老奴恭迎小主，小主可是想继续了解娴妃娘娘过往，请打通剧情精英第五章全部关卡。,40312,,10157,10159,剧情精英第五章,老奴恭迎小主，小主可是想继续了解娴妃娘娘过往，请打通剧情精英第五章全部关卡。,40312,,
战斗力（4）,10159,,,,,10158,10160,战斗力（4）,请小主努力提升战力吧！,40313,,10158,10160,战斗力（4）,请小主努力提升战力吧！,40313,,
聊天一次（4）,10160,,,,,10159,10161,聊天一次（4）,请小主在聊天综合频道中聊天，近日多与各位小主家聊聊天巩固一下感情。,40314,,10159,10161,聊天一次（4）,请小主在聊天综合频道中聊天，近日多与各位小主家聊聊天巩固一下感情。,40314,,
刷宝（4）,10161,,,,,10160,10162,刷宝（4）,小主，天降馅饼的好事情何不去拼拼手气，请小主选择任意剧情前去刷宝哦。,40315,,10160,10162,刷宝（4）,小主，天降馅饼的好事情何不去拼拼手气，请小主选择任意剧情前去刷宝哦。,40315,,
种虞美人,10162,,,,,10161,10163,种虞美人,姑姑传话来，近日皇后娘娘格外喜欢虞美人，请小主种植一些虞美人讨皇后娘娘喜欢。,40316,,10161,10163,种虞美人,姑姑传话来，近日皇后娘娘格外喜欢虞美人，请小主种植一些虞美人讨皇后娘娘喜欢。,40316,,
拜访好友（4）,10163,,,,,10162,10164,拜访好友（4）,小主，近日多去各位小主家走走看看，拜访各位小主有助于巩固感情。,40317,,10162,10164,拜访好友（4）,小主，近日多去各位小主家走走看看，拜访各位小主有助于巩固感情。,40317,,
连理枝（4）,10164,,,,,10163,10165,连理枝（4）,在天愿作比翼鸟，在地愿为连理枝，小主可不要忘记了供养连理枝哦~,40318,,10163,10165,连理枝（4）,在天愿作比翼鸟，在地愿为连理枝，小主可不要忘记了供养连理枝哦~,40318,,
花盆（4）,10165,,,,,10164,10166,花盆（4）,小主，奴婢听闻升级花盆可大大缩短种植时间，还可以提高鲜花品质哦~,40319,,10164,10166,花盆（4）,小主，奴婢听闻升级花盆可大大缩短种植时间，还可以提高鲜花品质哦~,40319,,
进贡（3）,10166,,,,,10165,10167,进贡（3）,小主，皇上下旨各宫小主均需向西域亲王进贡珍宝。,40320,,10165,10167,进贡（3）,小主，皇上下旨各宫小主均需向西域亲王进贡珍宝。,40320,,
阵法（2）,10167,,,,,10166,10168,阵法（2）,小主，您战力提升极高，但阵法可以为小主继续锦上添花哦~,40321,,10166,10168,阵法（2）,小主，您战力提升极高，但阵法可以为小主继续锦上添花哦~,40321,,
修炼（2）,10168,,,,,10167,10169,修炼（2）,小主，勤能补拙，要多多修炼哦~,40322,,10167,10169,修炼（2）,小主，勤能补拙，要多多修炼哦~,40322,,
砸蛋（2）,10169,,,,,10168,10170,砸蛋（2）,小主，奴婢听闻宫中砸金蛋可爆出不少稀罕物件呢，小主快去试试吧！,40323,,10168,10170,砸蛋（2）,小主，奴婢听闻宫中砸金蛋可爆出不少稀罕物件呢，小主快去试试吧！,40323,,
派系任务（2）,10170,,,,,10169,10171,派系任务（2）,宫中妃嫔也是分派系的，强大的派系支持才是宫中强有力的依靠，小主快去派系中贡献一份力吧！,40324,,10169,10171,派系任务（2）,宫中妃嫔也是分派系的，强大的派系支持才是宫中强有力的依靠，小主快去派系中贡献一份力吧！,40324,,
精炼（1),10171,,,,,10170,10172,精炼（1),精炼装备可大大提神装备属性，这才配得上小主尊贵的地位。,40325,,10170,10172,精炼（1),精炼装备可大大提神装备属性，这才配得上小主尊贵的地位。,40325,,
登陆第五天,10172,,,,,10171,10173,登陆第五天,小主，请您检查登陆五天哦~勤劳的小主才会讨太后欢心。,40400,,10171,10173,登陆第五天,小主，请您检查登陆五天哦~勤劳的小主才会讨太后欢心。,40400,,
宝石（5）,10173,,,,,10172,10174,宝石（5）,小主，多谢小主体恤奴婢们，请为所有仆从镶嵌上宝石。,40402,,10172,10174,宝石（5）,小主，多谢小主体恤奴婢们，请为所有仆从镶嵌上宝石。,40402,,
强化（5）,10174,,,,,10173,10175,强化（5）,小主体力不是特别良好，请小主前去强化自己吧！,40403,,10173,10175,强化（5）,小主体力不是特别良好，请小主前去强化自己吧！,40403,,
礼单任务（5）,10175,,,,,10174,10176,礼单任务（5）,近日小主与各宫妃嫔罕有走动，请小主完成礼单任务拉进与后宫妃嫔的关系。,40404,,10174,10176,礼单任务（5）,近日小主与各宫妃嫔罕有走动，请小主完成礼单任务拉进与后宫妃嫔的关系。,40404,,
砍树（5）,10176,,,,,10175,10177,砍树（5）,小主在这后宫中已然小心翼翼，不知怎的还是得罪了贵妃娘娘，被罚来御花园砍树。,40405,,10175,10177,砍树（5）,小主在这后宫中已然小心翼翼，不知怎的还是得罪了贵妃娘娘，被罚来御花园砍树。,40405,,
除草（5）,10177,,,,,10176,10178,除草（5）,小主都已思过，然而贵妃依旧怒气不消，让小主再去除些杂草方可息怒。,40406,,10176,10178,除草（5）,小主都已思过，然而贵妃依旧怒气不消，让小主再去除些杂草方可息怒。,40406,,
收布（5）,10178,,,,,10177,10179,收布（5）,请小主收获已纺织好的布料吧！,40407,,10177,10179,收布（5）,请小主收获已纺织好的布料吧！,40407,,
采矿石（5）,10179,,,,,10178,10180,采矿石（5）, 请小主再去收取已经开采好的矿石吧！,40408,,10178,10180,采矿石（5）, 请小主再去收取已经开采好的矿石吧！,40408,,
升级技能（5）,10180,,,,,10179,10181,升级技能（5）,小主，适时地提升自己的技能有助于自己在后宫中根深蒂固哦~,40409,,10179,10181,升级技能（5）,小主，适时地提升自己的技能有助于自己在后宫中根深蒂固哦~,40409,,
造装备（5）,10181,,,,,10180,10182,造装备（5）,俗话说的好，好马配好鞍，小主除了自身提升以外也要有好的装备相匹配。,40410,,10180,10182,造装备（5）,俗话说的好，好马配好鞍，小主除了自身提升以外也要有好的装备相匹配。,40410,,
等级35级,10182,,,,,10181,10183,等级35级,等级越高，享有的权利越大，请小主努力升级吧！,40411,,10181,10183,等级35级,等级越高，享有的权利越大，请小主努力升级吧！,40411,,
剧情战斗第七章,10183,,,,,10182,10184,剧情战斗第七章,老奴恭迎小主，小主可是想继续了解娴妃娘娘过往，请打通剧情第七章全部关卡。,40412,,10182,10184,剧情战斗第七章,老奴恭迎小主，小主可是想继续了解娴妃娘娘过往，请打通剧情第七章全部关卡。,40412,,
战斗力（5）,10184,,,,,10183,10185,战斗力（5）,请小主努力提升战力吧！,40413,,10183,10185,战斗力（5）,请小主努力提升战力吧！,40413,,
聊天一次（5）,10185,,,,,10184,10186,聊天一次（5）,请小主在聊天综合频道中聊天，近日多与各位小主家聊聊天巩固一下感情。,40414,,10184,10186,聊天一次（5）,请小主在聊天综合频道中聊天，近日多与各位小主家聊聊天巩固一下感情。,40414,,
刷宝（5）,10186,,,,,10185,10187,刷宝（5）,小主，天降馅饼的好事情何不去拼拼手气，请小主选择任意剧情前去刷宝哦。,40415,,10185,10187,刷宝（5）,小主，天降馅饼的好事情何不去拼拼手气，请小主选择任意剧情前去刷宝哦。,40415,,
种雏菊,10187,,,,,10186,10188,种雏菊,小主，奴婢听说近日皇上专宠贵妃只因暖阁内种植了雏菊，请小主种植一些雏菊来吸引皇上。,40416,,10186,10188,种雏菊,小主，奴婢听说近日皇上专宠贵妃只因暖阁内种植了雏菊，请小主种植一些雏菊来吸引皇上。,40416,,
拜访好友（5）,10188,,,,,10187,10189,拜访好友（5）,小主，近日多去各位小主家走走看看，拜访各位小主有助于巩固感情。,40417,,10187,10189,拜访好友（5）,小主，近日多去各位小主家走走看看，拜访各位小主有助于巩固感情。,40417,,
连理枝（5）,10189,,,,,10188,10190,连理枝（5）,在天愿作比翼鸟，在地愿为连理枝，小主可不要忘记了供养连理枝哦~,40418,,10188,10190,连理枝（5）,在天愿作比翼鸟，在地愿为连理枝，小主可不要忘记了供养连理枝哦~,40418,,
花盆（5）,10190,,,,,10189,10191,花盆（5）,小主，奴婢听闻升级花盆可大大缩短种植时间，还可以提高鲜花品质哦~,40419,,10189,10191,花盆（5）,小主，奴婢听闻升级花盆可大大缩短种植时间，还可以提高鲜花品质哦~,40419,,
进贡（4）,10191,,,,,10190,10192,进贡（4）,小主，皇上下旨各宫小主均需向西域亲王进贡珍宝。,40420,,10190,10192,进贡（4）,小主，皇上下旨各宫小主均需向西域亲王进贡珍宝。,40420,,
阵法（3）,10192,,,,,10191,10193,阵法（3）,小主，您战力提升极高，但阵法可以为小主继续锦上添花哦~,40421,,10191,10193,阵法（3）,小主，您战力提升极高，但阵法可以为小主继续锦上添花哦~,40421,,
修炼（3）,10193,,,,,10192,10194,修炼（3）,小主，勤能补拙，要多多修炼哦~,40422,,10192,10194,修炼（3）,小主，勤能补拙，要多多修炼哦~,40422,,
砸蛋（3）,10194,,,,,10193,10195,砸蛋（3）,小主，奴婢听闻宫中砸金蛋可爆出不少稀罕物件呢，小主快去试试吧！,40423,,10193,10195,砸蛋（3）,小主，奴婢听闻宫中砸金蛋可爆出不少稀罕物件呢，小主快去试试吧！,40423,,
派系任务（3）,10195,,,,,10194,10196,派系任务（3）,宫中妃嫔也是分派系的，强大的派系支持才是宫中强有力的依靠，小主快去派系中贡献一份力吧！,40424,,10194,10196,派系任务（3）,宫中妃嫔也是分派系的，强大的派系支持才是宫中强有力的依靠，小主快去派系中贡献一份力吧！,40424,,
精炼（2),10196,,,,,10195,10197,精炼（2),精炼装备可大大提神装备属性，这才配得上小主尊贵的地位。,40425,,10195,10197,精炼（2),精炼装备可大大提神装备属性，这才配得上小主尊贵的地位。,40425,,
黑市（1）,10197,,,,,10196,10198,黑市（1）,小主，奴婢听闻宫中妃嫔都是偷偷通过黑市购买来那些稀奇古怪的物件的，小主不如也去瞧瞧。,40426,,10196,10198,黑市（1）,小主，奴婢听闻宫中妃嫔都是偷偷通过黑市购买来那些稀奇古怪的物件的，小主不如也去瞧瞧。,40426,,
登陆第六天,10198,,,,,10197,10199,登陆第六天,小主，请您检查登陆六天哦~勤劳的小主才会讨太后欢心。,40500,,10197,10199,登陆第六天,小主，请您检查登陆六天哦~勤劳的小主才会讨太后欢心。,40500,,
宝石（6）,10199,,,,,10198,10200,宝石（6）,小主，多谢小主体恤奴婢们，请为所有仆从镶嵌上宝石。,40501,,10198,10200,宝石（6）,小主，多谢小主体恤奴婢们，请为所有仆从镶嵌上宝石。,40501,,
强化（6）,10200,,,,,10199,10201,强化（6）,小主体力不是特别良好，请小主前去强化自己吧！,40502,,10199,10201,强化（6）,小主体力不是特别良好，请小主前去强化自己吧！,40502,,
礼单任务（6）,10201,,,,,10200,10202,礼单任务（6）,近日小主与各宫妃嫔罕有走动，请小主完成礼单任务拉进与后宫妃嫔的关系。,40503,,10200,10202,礼单任务（6）,近日小主与各宫妃嫔罕有走动，请小主完成礼单任务拉进与后宫妃嫔的关系。,40503,,
砍树（6）,10202,,,,,10201,10203,砍树（6）,小主在这后宫中已然小心翼翼，不知怎的还是得罪了贵妃娘娘，被罚来御花园砍树。,40504,,10201,10203,砍树（6）,小主在这后宫中已然小心翼翼，不知怎的还是得罪了贵妃娘娘，被罚来御花园砍树。,40504,,
除草（6）,10203,,,,,10202,10204,除草（6）,小主都已思过，然而贵妃依旧怒气不消，让小主再去除些杂草方可息怒。,40505,,10202,10204,除草（6）,小主都已思过，然而贵妃依旧怒气不消，让小主再去除些杂草方可息怒。,40505,,
收布（6）,10204,,,,,10203,10205,收布（6）,请小主收获已纺织好的布料吧！,40506,,10203,10205,收布（6）,请小主收获已纺织好的布料吧！,40506,,
采矿石（6）,10205,,,,,10204,10206,采矿石（6）, 请小主再去收取已经开采好的矿石吧！,40507,,10204,10206,采矿石（6）, 请小主再去收取已经开采好的矿石吧！,40507,,
升级技能（6）,10206,,,,,10205,10207,升级技能（6）,小主，适时地提升自己的技能有助于自己在后宫中根深蒂固哦~,40508,,10205,10207,升级技能（6）,小主，适时地提升自己的技能有助于自己在后宫中根深蒂固哦~,40508,,
造装备（6）,10207,,,,,10206,10208,造装备（6）,俗话说的好，好马配好鞍，小主除了自身提升以外也要有好的装备相匹配。,40509,,10206,10208,造装备（6）,俗话说的好，好马配好鞍，小主除了自身提升以外也要有好的装备相匹配。,40509,,
等级38级,10208,,,,,10207,10209,等级38级,等级越高，享有的权利越大，请小主努力升级吧！,40510,,10207,10209,等级38级,等级越高，享有的权利越大，请小主努力升级吧！,40510,,
剧情战斗第八章,10209,,,,,10208,10210,剧情战斗第八章,老奴恭迎小主，小主可是想继续了解娴妃娘娘过往，请打通剧情第八章全部关卡。,40511,,10208,10210,剧情战斗第八章,老奴恭迎小主，小主可是想继续了解娴妃娘娘过往，请打通剧情第八章全部关卡。,40511,,
战斗力（6）,10210,,,,,10209,10211,战斗力（6）,请小主努力提升战力吧！,40512,,10209,10211,战斗力（6）,请小主努力提升战力吧！,40512,,
聊天一次（6）,10211,,,,,10210,10212,聊天一次（6）,请小主在聊天综合频道中聊天，近日多与各位小主家聊聊天巩固一下感情。,40513,,10210,10212,聊天一次（6）,请小主在聊天综合频道中聊天，近日多与各位小主家聊聊天巩固一下感情。,40513,,
刷宝（6）,10212,,,,,10211,10213,刷宝（6）,小主，天降馅饼的好事情何不去拼拼手气，请小主选择任意剧情前去刷宝哦。,40514,,10211,10213,刷宝（6）,小主，天降馅饼的好事情何不去拼拼手气，请小主选择任意剧情前去刷宝哦。,40514,,
拜访好友（6）,10213,,,,,10212,10214,拜访好友（6）,小主，近日多去各位小主家走走看看，拜访各位小主有助于巩固感情。,40516,,10212,10214,拜访好友（6）,小主，近日多去各位小主家走走看看，拜访各位小主有助于巩固感情。,40516,,
连理枝（6）,10214,,,,,10213,10215,连理枝（6）,在天愿作比翼鸟，在地愿为连理枝，小主可不要忘记了供养连理枝哦~,40517,,10213,10215,连理枝（6）,在天愿作比翼鸟，在地愿为连理枝，小主可不要忘记了供养连理枝哦~,40517,,
花盆（6）,10215,,,,,10214,10216,花盆（6）,小主，奴婢听闻升级花盆可大大缩短种植时间，还可以提高鲜花品质哦~,40518,,10214,10216,花盆（6）,小主，奴婢听闻升级花盆可大大缩短种植时间，还可以提高鲜花品质哦~,40518,,
进贡（5）,10216,,,,,10215,10217,进贡（5）,小主，皇上下旨各宫小主均需向西域亲王进贡珍宝。,40519,,10215,10217,进贡（5）,小主，皇上下旨各宫小主均需向西域亲王进贡珍宝。,40519,,
阵法（4）,10217,,,,,10216,10218,阵法（4）,小主，您战力提升极高，但阵法可以为小主继续锦上添花哦~,40520,,10216,10218,阵法（4）,小主，您战力提升极高，但阵法可以为小主继续锦上添花哦~,40520,,
修炼（4）,10218,,,,,10217,10219,修炼（4）,小主，勤能补拙，要多多修炼哦~,40521,,10217,10219,修炼（4）,小主，勤能补拙，要多多修炼哦~,40521,,
砸蛋（4）,10219,,,,,10218,10220,砸蛋（4）,小主，奴婢听闻宫中砸金蛋可爆出不少稀罕物件呢，小主快去试试吧！,40522,,10218,10220,砸蛋（4）,小主，奴婢听闻宫中砸金蛋可爆出不少稀罕物件呢，小主快去试试吧！,40522,,
派系任务（4）,10220,,,,,10219,10221,派系任务（4）,宫中妃嫔也是分派系的，强大的派系支持才是宫中强有力的依靠，小主快去派系中贡献一份力吧！,40523,,10219,10221,派系任务（4）,宫中妃嫔也是分派系的，强大的派系支持才是宫中强有力的依靠，小主快去派系中贡献一份力吧！,40523,,
精炼（3),10221,,,,,10220,10222,精炼（3),精炼装备可大大提神装备属性，这才配得上小主尊贵的地位。,40524,,10220,10222,精炼（3),精炼装备可大大提神装备属性，这才配得上小主尊贵的地位。,40524,,
黑市（2）,10222,,,,,10221,10223,黑市（2）,小主，奴婢听闻宫中妃嫔都是偷偷通过黑市购买来那些稀奇古怪的物件的，小主不如也去瞧瞧。,40525,,10221,10223,黑市（2）,小主，奴婢听闻宫中妃嫔都是偷偷通过黑市购买来那些稀奇古怪的物件的，小主不如也去瞧瞧。,40525,,
等级40级,10223,,,,,10222,10224,等级40级,等级越高，享有的权利越大，请小主努力升级吧！,40526,,10222,10224,等级40级,等级越高，享有的权利越大，请小主努力升级吧！,40526,,
登陆第七天,10224,,,,,10223,10225,登陆第七天,小主，请您检查登陆七天哦~勤劳的小主才会讨太后欢心。,40600,,10223,10225,登陆第七天,小主，请您检查登陆六天哦~勤劳的小主才会讨太后欢心。,40600,,
宝石（7）,10225,,,,,10224,10226,宝石（7）,小主，多谢小主体恤奴婢们，请为所有仆从镶嵌上宝石。,40601,,10224,10226,宝石（7）,小主，多谢小主体恤奴婢们，请为所有仆从镶嵌上宝石。,40601,,
强化（7）,10226,,,,,10225,10227,强化（7）,小主体力不是特别良好，请小主前去强化自己吧！,40602,,10225,10227,强化（7）,小主体力不是特别良好，请小主前去强化自己吧！,40602,,
礼单任务（7）,10227,,,,,10226,10228,礼单任务（7）,近日小主与各宫妃嫔罕有走动，请小主完成礼单任务拉进与后宫妃嫔的关系。,40603,,10226,10228,礼单任务（7）,近日小主与各宫妃嫔罕有走动，请小主完成礼单任务拉进与后宫妃嫔的关系。,40603,,
砍树（7）,10228,,,,,10227,10229,砍树（7）,小主在这后宫中已然小心翼翼，不知怎的还是得罪了贵妃娘娘，被罚来御花园砍树。,40604,,10227,10229,砍树（7）,小主在这后宫中已然小心翼翼，不知怎的还是得罪了贵妃娘娘，被罚来御花园砍树。,40604,,
除草（7）,10229,,,,,10228,10230,除草（7）,小主都已思过，然而贵妃依旧怒气不消，让小主再去除些杂草方可息怒。,40605,,10228,10230,除草（7）,小主都已思过，然而贵妃依旧怒气不消，让小主再去除些杂草方可息怒。,40605,,
收布（7）,10230,,,,,10229,10231,收布（7）,请小主收获已纺织好的布料吧！,40606,,10229,10231,收布（7）,请小主收获已纺织好的布料吧！,40606,,
采矿石（7）,10231,,,,,10230,10232,采矿石（7）, 请小主再去收取已经开采好的矿石吧！,40607,,10230,10232,采矿石（7）, 请小主再去收取已经开采好的矿石吧！,40607,,
升级技能（7）,10232,,,,,10231,10233,升级技能（7）,小主，适时地提升自己的技能有助于自己在后宫中根深蒂固哦~,40608,,10231,10233,升级技能（7）,小主，适时地提升自己的技能有助于自己在后宫中根深蒂固哦~,40608,,
造装备（7）,10233,,,,,10232,10234,造装备（7）,俗话说的好，好马配好鞍，小主除了自身提升以外也要有好的装备相匹配。,40609,,10232,10234,造装备（7）,俗话说的好，好马配好鞍，小主除了自身提升以外也要有好的装备相匹配。,40609,,
等级41级,10234,,,,,10233,10235,等级41级,等级越高，享有的权利越大，请小主努力升级吧！,40610,,10233,10235,等级41级,等级越高，享有的权利越大，请小主努力升级吧！,40610,,
剧情战斗第八章,10235,,,,,10234,10236,剧情战斗第八章,老奴恭迎小主，小主可是想继续了解娴妃娘娘过往，请打通剧情第九章全部关卡。,40611,,10234,10236,剧情战斗第八章,老奴恭迎小主，小主可是想继续了解娴妃娘娘过往，请打通剧情第九章全部关卡。,40611,,
战斗力（7）,10236,,,,,10235,10237,战斗力（7）,请小主努力提升战力吧！,40612,,10235,10237,战斗力（7）,请小主努力提升战力吧！,40612,,
聊天一次（7）,10237,,,,,10236,10238,聊天一次（7）,请小主在聊天综合频道中聊天，近日多与各位小主家聊聊天巩固一下感情。,40613,,10236,10238,聊天一次（7）,请小主在聊天综合频道中聊天，近日多与各位小主家聊聊天巩固一下感情。,40613,,
刷宝（7）,10238,,,,,10237,10239,刷宝（7）,小主，天降馅饼的好事情何不去拼拼手气，请小主选择任意剧情前去刷宝哦。,40614,,10237,10239,刷宝（7）,小主，天降馅饼的好事情何不去拼拼手气，请小主选择任意剧情前去刷宝哦。,40614,,
拜访好友（7）,10239,,,,,10238,10240,拜访好友（7）,小主，近日多去各位小主家走走看看，拜访各位小主有助于巩固感情。,40615,,10238,10240,拜访好友（7）,小主，近日多去各位小主家走走看看，拜访各位小主有助于巩固感情。,40615,,
连理枝（7）,10240,,,,,10239,10241,连理枝（7）,在天愿作比翼鸟，在地愿为连理枝，小主可不要忘记了供养连理枝哦~,40616,,10239,10241,连理枝（7）,在天愿作比翼鸟，在地愿为连理枝，小主可不要忘记了供养连理枝哦~,40616,,
花盆（7）,10241,,,,,10240,10242,花盆（7）,小主，奴婢听闻升级花盆可大大缩短种植时间，还可以提高鲜花品质哦~,40617,,10240,10242,花盆（7）,小主，奴婢听闻升级花盆可大大缩短种植时间，还可以提高鲜花品质哦~,40617,,
进贡（6）,10242,,,,,10241,10243,进贡（6）,小主，皇上下旨各宫小主均需向西域亲王进贡珍宝。,40618,,10241,10243,进贡（6）,小主，皇上下旨各宫小主均需向西域亲王进贡珍宝。,40618,,
阵法（5）,10243,,,,,10242,10244,阵法（5）,小主，您战力提升极高，但阵法可以为小主继续锦上添花哦~,40619,,10242,10244,阵法（5）,小主，您战力提升极高，但阵法可以为小主继续锦上添花哦~,40619,,
修炼（5）,10244,,,,,10243,10245,修炼（5）,小主，勤能补拙，要多多修炼哦~,40620,,10243,10245,修炼（5）,小主，勤能补拙，要多多修炼哦~,40620,,
砸蛋（5）,10245,,,,,10244,10246,砸蛋（5）,小主，奴婢听闻宫中砸金蛋可爆出不少稀罕物件呢，小主快去试试吧！,40621,,10244,10246,砸蛋（5）,小主，奴婢听闻宫中砸金蛋可爆出不少稀罕物件呢，小主快去试试吧！,40621,,
派系任务（5）,10246,,,,,10245,10247,派系任务（5）,宫中妃嫔也是分派系的，强大的派系支持才是宫中强有力的依靠，小主快去派系中贡献一份力吧！,40622,,10245,10247,派系任务（5）,宫中妃嫔也是分派系的，强大的派系支持才是宫中强有力的依靠，小主快去派系中贡献一份力吧！,40622,,
精炼（4),10247,,,,,10246,10248,精炼（4),精炼装备可大大提神装备属性，这才配得上小主尊贵的地位。,40623,,10246,10248,精炼（4),精炼装备可大大提神装备属性，这才配得上小主尊贵的地位。,40623,,
黑市（3）,10248,,,,,10247,10249,黑市（3）,小主，奴婢听闻宫中妃嫔都是偷偷通过黑市购买来那些稀奇古怪的物件的，小主不如也去瞧瞧。,40624,,10247,10249,黑市（3）,小主，奴婢听闻宫中妃嫔都是偷偷通过黑市购买来那些稀奇古怪的物件的，小主不如也去瞧瞧。,40624,,
等级42级,10249,,,,,10248,20066,等级42级,等级越高，享有的权利越大，请小主努力升级吧！,40625,,10248,20066,等级42级,等级越高，享有的权利越大，请小主努力升级吧！,40625,,
熔炼1枚高级宝石,20066,1,,,,10249,20067,熔炼1枚高级宝石,小主五级普通宝石已不够我们使用了，请小主使用熔炼炉任意融合一枚5级的高级宝石。,41067,,10249,20067,熔炼1枚高级宝石,小主五级普通宝石已不够我们使用了，请小主使用熔炼炉任意融合一枚五级的高级宝石。,41067,,
建造太液池,20067,,,,,20066,20068,建造太液池,公公提醒小主，近日好多小主在宫中修葺了太液池，小主您也建造一个吧。,41068,,20066,20068,建造太液池,公公提醒小主，近日好多小主在宫中修葺了太液池，小主您也建造一个吧。,41068,,
钓一次鱼,20068,,,,,20067,20069,钓一次鱼,闲来无事，王爷约皇上前去太液池垂钓，皇上特命小主一同前去。,41069,,20067,20069,钓一次鱼,闲来无事，王爷约皇上前去太液池垂钓，皇上特命小主一同前去。,41069,,
建造渔具工作台,20069,,,,,20068,20070,建造一个造渔具的工作台,小主，您可以通过造渔具的工作台制造鱼钩哦~,41070,,20068,20070,建造一个造渔具的工作台,小主，您可以通过造渔具的工作台制造鱼钩哦~,41070,,
造2枚铜鱼钩,20070,,,,,20069,0,造2枚铜鱼钩,小主，您可以自己打制一些鱼钩以备以后钓鱼时用哦~,41071,,20069,0,造2枚铜鱼钩,小主，您可以自己打制一些鱼钩以备以后钓鱼时用哦~,41071,,
